backend,repeat,wall_ms,returncode
bwrap,0,7.73,0
docker,0,266.132,0
none,0,0.805,0
bwrap,1,8.626,0
docker,1,265.908,0
none,1,1.006,0
bwrap,2,8.409,0
docker,2,286.722,0
none,2,0.89,0
bwrap,3,7.752,0
docker,3,249.583,0
none,3,1.046,0
bwrap,4,7.329,0
docker,4,260.398,0
none,4,1.033,0
bwrap,5,7.36,0
docker,5,270.982,0
none,5,1.307,0
bwrap,6,8.411,0
docker,6,239.254,0
none,6,1.271,0
bwrap,7,8.271,0
docker,7,264.382,0
none,7,0.816,0
bwrap,8,8.016,0
docker,8,266.426,0
none,8,1.08,0
bwrap,9,8.957,0
docker,9,263.757,0
none,9,1.092,0
bwrap,10,7.449,0
docker,10,255.126,0
none,10,1.019,0
bwrap,11,7.956,0
docker,11,281.808,0
none,11,1.094,0
bwrap,12,8.809,0
docker,12,272.939,0
none,12,0.906,0
bwrap,13,8.459,0
docker,13,283.412,0
none,13,1.02,0
bwrap,14,7.358,0
docker,14,275.495,0
none,14,1.073,0
bwrap,15,8.569,0
docker,15,277.029,0
none,15,0.74,0
bwrap,16,7.065,0
docker,16,262.65,0
none,16,0.713,0
bwrap,17,7.557,0
docker,17,269.751,0
none,17,0.787,0
bwrap,18,7.897,0
docker,18,277.958,0
none,18,1.236,0
bwrap,19,7.56,0
docker,19,275.935,0
none,19,0.755,0
bwrap,20,8.042,0
docker,20,262.6,0
none,20,0.748,0
bwrap,21,6.929,0
docker,21,260.108,0
none,21,0.68,0
bwrap,22,8.582,0
docker,22,280.24,0
none,22,0.712,0
bwrap,23,8.489,0
docker,23,246.468,0
none,23,0.967,0
bwrap,24,8.232,0
docker,24,253.469,0
none,24,0.76,0
bwrap,25,7.473,0
docker,25,281.616,0
none,25,0.629,0
bwrap,26,7.729,0
docker,26,259.173,0
none,26,0.85,0
bwrap,27,6.973,0
docker,27,267.03,0
none,27,0.796,0
bwrap,28,8.942,0
docker,28,258.688,0
none,28,0.693,0
bwrap,29,7.509,0
docker,29,273.149,0
none,29,0.77,0
bwrap,30,7.177,0
docker,30,279.653,0
none,30,0.808,0
bwrap,31,8.878,0
docker,31,260.572,0
none,31,0.655,0
bwrap,32,8.938,0
docker,32,273.011,0
none,32,0.664,0
bwrap,33,7.322,0
docker,33,275.114,0
none,33,0.631,0
bwrap,34,7.49,0
docker,34,271.245,0
none,34,0.686,0
bwrap,35,9.082,0
docker,35,263.023,0
none,35,0.86,0
bwrap,36,7.492,0
docker,36,273.986,0
none,36,0.748,0
bwrap,37,8.201,0
docker,37,264.093,0
none,37,0.815,0
bwrap,38,8.325,0
docker,38,273.653,0
none,38,0.755,0
bwrap,39,7.195,0
docker,39,275.373,0
none,39,1.03,0
bwrap,40,7.48,0
docker,40,251.337,0
none,40,0.972,0
bwrap,41,7.408,0
docker,41,246.597,0
none,41,0.971,0
bwrap,42,7.887,0
docker,42,251.917,0
none,42,1.053,0
bwrap,43,7.044,0
docker,43,274.562,0
none,43,0.776,0
bwrap,44,7.606,0
docker,44,255.357,0
none,44,0.658,0
bwrap,45,8.18,0
docker,45,254.527,0
none,45,0.78,0
bwrap,46,8.672,0
docker,46,260.929,0
none,46,0.62,0
bwrap,47,7.451,0
docker,47,255.693,0
none,47,1.262,0
bwrap,48,7.387,0
docker,48,272.281,0
none,48,0.881,0
bwrap,49,7.888,0
docker,49,267.911,0
none,49,1.16,0
bwrap,50,8.107,0
docker,50,249.844,0
none,50,0.649,0
bwrap,51,8.148,0
docker,51,281.238,0
none,51,1.231,0
bwrap,52,8.702,0
docker,52,265.867,0
none,52,1.091,0
bwrap,53,8.749,0
docker,53,258.668,0
none,53,0.872,0
bwrap,54,7.673,0
docker,54,269.975,0
none,54,0.899,0
bwrap,55,7.44,0
docker,55,268.274,0
none,55,0.749,0
bwrap,56,6.965,0
docker,56,263.431,0
none,56,0.793,0
bwrap,57,8.489,0
docker,57,260.06,0
none,57,0.795,0
bwrap,58,6.975,0
docker,58,244.091,0
none,58,0.911,0
bwrap,59,7.87,0
docker,59,287.837,0
none,59,0.946,0
bwrap,60,8.339,0
docker,60,262.135,0
none,60,0.952,0
bwrap,61,9.249,0
docker,61,271.412,0
none,61,0.663,0
bwrap,62,8.487,0
docker,62,276.834,0
none,62,0.831,0
bwrap,63,8.487,0
docker,63,259.148,0
none,63,0.792,0
bwrap,64,8.285,0
docker,64,267.501,0
none,64,1.126,0
bwrap,65,7.495,0
docker,65,277.581,0
none,65,0.978,0
bwrap,66,8.966,0
docker,66,273.739,0
none,66,1.005,0
bwrap,67,8.332,0
docker,67,273.743,0
none,67,0.74,0
bwrap,68,8.775,0
docker,68,289.33,0
none,68,0.794,0
bwrap,69,8.171,0
docker,69,262.905,0
none,69,1.258,0
bwrap,70,6.997,0
docker,70,255.37,0
none,70,0.872,0
bwrap,71,7.834,0
docker,71,249.561,0
none,71,0.655,0
bwrap,72,7.254,0
docker,72,263.724,0
none,72,0.944,0
bwrap,73,7.923,0
docker,73,259.377,0
none,73,1.042,0
bwrap,74,7.987,0
docker,74,275.331,0
none,74,1.281,0
bwrap,75,7.581,0
docker,75,266.639,0
none,75,1.055,0
bwrap,76,8.276,0
docker,76,259.1,0
none,76,0.762,0
bwrap,77,8.338,0
docker,77,276.659,0
none,77,1.047,0
bwrap,78,7.195,0
docker,78,270.063,0
none,78,0.671,0
bwrap,79,7.58,0
docker,79,263.826,0
none,79,1.482,0
bwrap,80,7.775,0
docker,80,266.808,0
none,80,0.65,0
bwrap,81,8.775,0
docker,81,269.473,0
none,81,1.033,0
bwrap,82,6.87,0
docker,82,247.135,0
none,82,0.789,0
bwrap,83,8.32,0
docker,83,257.836,0
none,83,1.115,0
bwrap,84,8.205,0
docker,84,262.748,0
none,84,1.023,0
bwrap,85,7.557,0
docker,85,262.346,0
none,85,1.023,0
bwrap,86,7.238,0
docker,86,267.375,0
none,86,1.236,0
bwrap,87,7.124,0
docker,87,263.744,0
none,87,0.917,0
bwrap,88,7.648,0
docker,88,261.689,0
none,88,0.654,0
bwrap,89,7.433,0
docker,89,276.97,0
none,89,0.795,0
bwrap,90,8.408,0
docker,90,273.56,0
none,90,0.688,0
bwrap,91,7.381,0
docker,91,246.321,0
none,91,0.665,0
bwrap,92,9.875,0
docker,92,266.289,0
none,92,1.079,0
bwrap,93,7.181,0
docker,93,272.2,0
none,93,0.911,0
bwrap,94,7.356,0
docker,94,268.443,0
none,94,0.715,0
bwrap,95,7.421,0
docker,95,262.073,0
none,95,0.982,0
bwrap,96,8.018,0
docker,96,271.191,0
none,96,0.75,0
bwrap,97,7.542,0
docker,97,278.991,0
none,97,0.807,0
bwrap,98,8.121,0
docker,98,261.804,0
none,98,0.715,0
bwrap,99,8.313,0
docker,99,251.675,0
none,99,0.726,0
bwrap,100,7.058,0
docker,100,249.429,0
none,100,0.634,0
bwrap,101,9.258,0
docker,101,266.775,0
none,101,0.636,0
bwrap,102,7.612,0
docker,102,258.091,0
none,102,0.872,0
bwrap,103,8.99,0
docker,103,248.418,0
none,103,0.878,0
bwrap,104,7.063,0
docker,104,276.961,0
none,104,0.723,0
bwrap,105,7.915,0
docker,105,266.271,0
none,105,1.223,0
bwrap,106,8.122,0
docker,106,211.894,0
none,106,0.616,0
bwrap,107,7.839,0
docker,107,263.042,0
none,107,1.095,0
bwrap,108,8.073,0
docker,108,269.23,0
none,108,0.838,0
bwrap,109,8.629,0
docker,109,262.268,0
none,109,0.804,0
bwrap,110,8.814,0
docker,110,273.857,0
none,110,0.87,0
bwrap,111,8.843,0
docker,111,279.027,0
none,111,0.901,0
bwrap,112,7.153,0
docker,112,268.721,0
none,112,1.045,0
bwrap,113,7.487,0
docker,113,278.304,0
none,113,0.746,0
bwrap,114,7.851,0
docker,114,265.567,0
none,114,0.865,0
bwrap,115,8.772,0
docker,115,247.588,0
none,115,0.902,0
bwrap,116,7.481,0
docker,116,249.095,0
none,116,1.224,0
bwrap,117,7.078,0
docker,117,264.841,0
none,117,1.048,0
bwrap,118,7.43,0
docker,118,282.828,0
none,118,1.015,0
bwrap,119,7.969,0
docker,119,278.079,0
none,119,0.653,0
bwrap,120,7.508,0
docker,120,273.909,0
none,120,1.053,0
bwrap,121,7.179,0
docker,121,266.796,0
none,121,0.718,0
bwrap,122,7.054,0
docker,122,267.874,0
none,122,1.136,0
bwrap,123,7.293,0
docker,123,266.263,0
none,123,0.716,0
bwrap,124,7.534,0
docker,124,247.386,0
none,124,0.741,0
bwrap,125,7.671,0
docker,125,267.882,0
none,125,0.966,0
bwrap,126,7.546,0
docker,126,278.325,0
none,126,1.034,0
bwrap,127,7.053,0
docker,127,265.179,0
none,127,0.718,0
bwrap,128,7.592,0
docker,128,285.53,0
none,128,0.768,0
bwrap,129,7.307,0
docker,129,267.635,0
none,129,1.001,0
bwrap,130,7.213,0
docker,130,263.475,0
none,130,0.716,0
bwrap,131,6.876,0
docker,131,260.683,0
none,131,0.978,0
bwrap,132,7.055,0
docker,132,249.515,0
none,132,0.768,0
bwrap,133,7.357,0
docker,133,265.096,0
none,133,1.033,0
bwrap,134,7.197,0
docker,134,272.503,0
none,134,0.854,0
bwrap,135,7.601,0
docker,135,254.06,0
none,135,0.873,0
bwrap,136,8.393,0
docker,136,269.392,0
none,136,0.728,0
bwrap,137,7.232,0
docker,137,274.338,0
none,137,1.134,0
bwrap,138,6.984,0
docker,138,276.504,0
none,138,1.061,0
bwrap,139,8.551,0
docker,139,274.574,0
none,139,0.744,0
bwrap,140,9.252,0
docker,140,271.493,0
none,140,0.645,0
bwrap,141,8.562,0
docker,141,259.429,0
none,141,0.781,0
bwrap,142,6.98,0
docker,142,270.609,0
none,142,0.853,0
bwrap,143,7.006,0
docker,143,254.817,0
none,143,0.752,0
bwrap,144,7.3,0
docker,144,244.046,0
none,144,1.028,0
bwrap,145,8.756,0
docker,145,262.569,0
none,145,0.695,0
bwrap,146,7.87,0
docker,146,266.757,0
none,146,0.747,0
bwrap,147,8.223,0
docker,147,267.607,0
none,147,1.074,0
bwrap,148,7.966,0
docker,148,270.429,0
none,148,0.653,0
bwrap,149,7.309,0
docker,149,267.381,0
none,149,1.138,0
bwrap,150,7.058,0
docker,150,272.419,0
none,150,1.084,0
bwrap,151,8.583,0
docker,151,265.593,0
none,151,0.731,0
bwrap,152,8.006,0
docker,152,274.915,0
none,152,0.956,0
bwrap,153,8.124,0
docker,153,267.009,0
none,153,0.797,0
bwrap,154,8.142,0
docker,154,264.343,0
none,154,0.765,0
bwrap,155,9.62,0
docker,155,232.676,0
none,155,0.789,0
bwrap,156,8.747,0
docker,156,252.913,0
none,156,0.739,0
bwrap,157,7.361,0
docker,157,262.72,0
none,157,1.305,0
bwrap,158,8.678,0
docker,158,253.9,0
none,158,0.84,0
bwrap,159,7.742,0
docker,159,267.597,0
none,159,0.68,0
bwrap,160,7.638,0
docker,160,249.97,0
none,160,0.743,0
bwrap,161,7.355,0
docker,161,265.525,0
none,161,0.796,0
bwrap,162,8.258,0
docker,162,277.698,0
none,162,0.904,0
bwrap,163,7.618,0
docker,163,276.318,0
none,163,0.874,0
bwrap,164,8.347,0
docker,164,248.475,0
none,164,0.757,0
bwrap,165,7.608,0
docker,165,265.137,0
none,165,0.672,0
bwrap,166,7.275,0
docker,166,273.549,0
none,166,0.798,0
bwrap,167,8.466,0
docker,167,278.234,0
none,167,0.691,0
bwrap,168,8.122,0
docker,168,264.323,0
none,168,0.931,0
bwrap,169,8.067,0
docker,169,267.35,0
none,169,0.782,0
bwrap,170,8.805,0
docker,170,264.256,0
none,170,0.807,0
bwrap,171,7.915,0
docker,171,264.712,0
none,171,0.683,0
bwrap,172,7.457,0
docker,172,282.331,0
none,172,0.643,0
bwrap,173,7.347,0
docker,173,269.095,0
none,173,1.041,0
bwrap,174,8.869,0
docker,174,260.779,0
none,174,0.798,0
bwrap,175,8.125,0
docker,175,291.209,0
none,175,0.89,0
bwrap,176,7.052,0
docker,176,271.768,0
none,176,0.73,0
bwrap,177,7.575,0
docker,177,253.818,0
none,177,0.707,0
bwrap,178,7.488,0
docker,178,253.624,0
none,178,1.314,0
bwrap,179,8.361,0
docker,179,269.235,0
none,179,0.872,0
bwrap,180,8.299,0
docker,180,265.428,0
none,180,0.948,0
bwrap,181,8.865,0
docker,181,245.347,0
none,181,1.035,0
bwrap,182,7.643,0
docker,182,266.29,0
none,182,1.074,0
bwrap,183,7.7,0
docker,183,270.056,0
none,183,0.769,0
bwrap,184,7.471,0
docker,184,251.944,0
none,184,1.072,0
bwrap,185,7.306,0
docker,185,264.002,0
none,185,0.66,0
bwrap,186,7.536,0
docker,186,258.261,0
none,186,0.813,0
bwrap,187,9.418,0
docker,187,251.107,0
none,187,0.739,0
bwrap,188,7.232,0
docker,188,254.972,0
none,188,0.616,0
bwrap,189,7.255,0
docker,189,282.358,0
none,189,1.069,0
bwrap,190,7.762,0
docker,190,267.695,0
none,190,0.645,0
bwrap,191,7.092,0
docker,191,263.884,0
none,191,1.089,0
bwrap,192,8.244,0
docker,192,290.5,0
none,192,1.047,0
bwrap,193,7.168,0
docker,193,272.817,0
none,193,0.657,0
bwrap,194,7.01,0
docker,194,285.142,0
none,194,1.054,0
bwrap,195,7.051,0
docker,195,259.573,0
none,195,1.159,0
bwrap,196,9.266,0
docker,196,259.891,0
none,196,1.294,0
bwrap,197,7.306,0
docker,197,262.283,0
none,197,1.082,0
bwrap,198,7.394,0
docker,198,251.123,0
none,198,0.653,0
bwrap,199,9.266,0
docker,199,285.422,0
none,199,0.678,0
